room,x,y,z,dist,correlation,diff,beacon,present
Lecture Hall XXVI,40.0,23.0,4.4,3.61,0.88,11.25,2.64,False
Ground Floor Lobby,34.0,10.0,1.5,22.86,0.86,37.72,22.39,False
1st Floor East Corridor,29.0,8.0,4.4,19.03,0.57,32.36,19.42,False
Ground Floor Lobby,45.0,17.0,1.5,28.01,0.71,37.25,19.39,False
1st Floor Lobby,38.0,11.0,4.4,11.18,0.89,21.79,9.34,False
Lab 104,8.0,28.0,4.4,23.32,0.22,35.93,22.66,False
1st Floor Lobby,38.0,20.0,4.4,5.1,0.88,49.28,23.64,False
Ground Floor East Corridor,7.0,8.0,1.5,18.23,1.0,26.67,16.14,False
Lab 103,15.0,28.0,4.4,17.69,0.67,30.54,15.66,False
2nd Floor East Corridor,27.0,8.0,7.6,26.67,0.25,57.05,37.42,False
1st Floor Lobby,33.0,20.0,4.4,36.24,0.0,58.85,37.42,False
2nd Floor Lobby,36.0,13.0,7.6,29.0,0.57,48.44,28.4,False
1st Floor Lobby,36.0,16.0,4.4,15.62,1.0,35.51,20.97,False
Office 107b,2.0,5.0,4.4,40.31,0.0,44.92,28.36,False
Lab 101,31.0,24.0,4.4,4.24,1.0,26.68,11.42,False
Ground Floor East Corridor,15.0,9.0,1.5,15.05,0.22,44.85,22.66,False
Ground Floor East Corridor,20.0,9.0,1.5,14.91,0.29,51.73,28.4,False
2nd Floor Lobby,42.0,11.0,7.6,21.5,1.0,27.04,13.42,False
Lab 104,2.0,25.0,4.4,26.08,0.29,38.43,19.42,False
Lab 103,24.0,22.0,4.4,29.83,0.0,58.85,37.42,False
1st Floor Lobby,30.0,16.0,4.4,11.18,0.71,33.18,19.42,False
Lab 101,33.0,26.0,4.4,34.44,0.2,40.88,19.33,False
1st Floor North Corridor,9.0,11.0,4.4,7.0,1.0,26.33,10.67,False
2nd Floor Lobby,35.0,15.0,7.6,36.2,0.0,58.85,37.42,False
Lab 103,13.0,25.0,4.4,25.06,0.5,51.98,32.42,False
Lecture Hall XXVI,45.0,28.0,4.4,50.61,0.0,58.85,37.42,False
Lecture Hall XXVI,41.0,23.0,4.4,34.13,0.67,9.47,3.14,False
1st Floor Lobby,33.0,15.0,4.4,28.23,0.67,14.03,7.14,False
Lab 103,15.0,26.0,4.4,19.85,0.5,42.74,13.33,False
Lab 103,16.0,25.0,4.4,26.63,0.0,58.85,37.42,False
Lecture Hall XXVI,48.0,24.0,4.4,47.8,0.2,41.97,19.33,False
1st Floor East Corridor,6.0,9.0,4.4,28.43,0.29,38.74,19.42,False
1st Floor East Corridor,23.0,8.0,4.4,22.02,0.75,29.78,18.36,False
1st Floor Lobby,35.0,8.0,4.4,33.29,0.67,15.15,9.14,False
Ground Floor Lobby,47.0,17.0,1.5,41.1,0.67,23.21,20.14,False
Lecture Hall 205,4.0,10.0,7.6,45.81,0.2,36.55,23.03,False
Lab 103,14.0,27.0,4.4,7.07,1.0,16.61,10.86,False
2nd Floor North Corridor,9.0,12.0,7.6,19.68,0.33,37.42,22.66,False
2nd Floor East Corridor,8.0,7.0,7.6,8.67,1.0,49.76,32.42,False
1st Floor Lobby,38.0,11.0,4.4,37.85,0.0,58.85,37.42,False
Ground Floor East Corridor,16.0,7.0,1.5,21.22,0.33,28.91,20.14,False
Lecture Hall XXVI,44.0,24.0,4.4,47.85,0.0,58.85,37.42,False
2nd Floor West Corridor,6.0,19.0,7.6,31.74,0.75,38.37,23.36,False
Lab 102,27.0,23.0,4.4,8.94,0.86,19.91,5.39,False
2nd Floor Lobby,30.0,20.0,7.6,18.17,0.6,31.05,12.03,False
Lab 102,28.0,24.0,4.4,21.1,0.67,7.93,0.14,False
Lab 102,27.0,25.0,4.4,34.06,0.0,58.85,37.42,False
Ground Floor Lobby,42.0,9.0,1.5,19.63,1.0,16.18,3.03,False
Lecture Hall XXVI,48.0,25.0,4.4,21.93,0.44,28.88,0.34,False
2nd Floor Lobby,42.0,20.0,7.6,41.12,0.4,38.04,19.33,False
2nd Floor North Corridor,9.0,11.0,7.6,2.83,1.0,21.06,11.6,False
Ground Floor Lobby,49.0,20.0,1.5,22.33,0.57,33.05,19.42,False
Lecture Hall 205,7.0,11.0,7.6,5.94,0.9,50.77,13.33,False
Lab 104,9.0,23.0,4.4,37.34,0.2,34.73,23.03,False
Lab 104,1.0,24.0,4.4,18.25,0.43,22.91,8.39,False
1st Floor Lobby,37.0,14.0,4.4,15.81,0.71,41.67,19.42,False
Ground Floor East Corridor,11.0,8.0,1.5,25.66,0.0,43.29,19.42,False
2nd Floor West Corridor,23.0,21.0,7.6,7.89,0.86,34.56,14.39,False
2nd Floor Lobby,31.0,21.0,7.6,25.3,0.71,45.51,24.4,False
2nd Floor West Corridor,24.0,19.0,7.6,23.98,0.6,33.28,15.03,False
Lecture Hall 205,6.0,11.0,7.6,27.39,0.43,38.53,19.42,False
Ground Floor West Corridor,6.0,19.0,1.5,41.1,0.4,36.29,21.03,False
Ground Floor West Corridor,33.0,19.0,1.5,9.87,0.29,37.73,19.42,False
Office 107b,3.0,4.0,4.4,28.02,0.0,42.94,26.39,False
Ground Floor Lobby,49.0,18.0,1.5,47.61,0.4,41.12,19.33,False
Lab 103,15.0,23.0,4.4,8.54,1.0,24.41,15.86,False
Lecture Hall XXVI,40.0,23.0,4.4,39.85,0.2,38.66,19.33,False
2nd Floor North Corridor,8.0,18.0,7.6,9.76,0.6,46.18,19.33,False
1st Floor West Corridor,11.0,19.0,4.4,17.26,0.89,45.37,6.66,False
1st Floor East Corridor,15.0,8.0,4.4,13.34,0.6,40.34,19.33,False
2nd Floor Lobby,34.0,12.0,7.6,34.35,0.25,58.11,37.42,False
1st Floor North Corridor,8.0,14.0,4.4,23.85,0.43,41.01,19.42,False
Ground Floor East Corridor,7.0,9.0,1.5,27.81,0.14,42.67,19.42,False
2nd Floor East Corridor,20.0,7.0,7.6,33.57,1.0,23.82,10.03,False
2nd Floor Lobby,39.0,18.0,7.6,22.16,0.57,54.9,23.39,False
1st Floor Lobby,30.0,15.0,4.4,25.5,0.67,14.57,8.14,False
2nd Floor Lobby,40.0,17.0,7.6,12.46,0.78,37.04,5.66,False
2nd Floor East Corridor,2.0,8.0,7.6,7.07,0.43,34.95,12.4,False
Office 107b,1.0,2.0,4.4,24.74,0.0,29.55,20.14,False
Ground Floor East Corridor,25.0,9.0,1.5,24.93,0.33,28.91,20.14,False
1st Floor Lobby,37.0,17.0,4.4,35.51,0.3,38.63,19.33,False
Lab 104,8.0,27.0,4.4,22.83,0.22,35.98,22.66,False
Ground Floor West Corridor,4.0,19.0,1.5,24.36,0.33,37.55,22.66,False
1st Floor West Corridor,4.0,20.0,4.4,17.26,0.0,58.85,37.42,False
2nd Floor Lobby,37.0,15.0,7.6,9.6,0.78,29.72,10.66,False
Lecture Hall XXVI,46.0,27.0,4.4,21.1,0.44,31.83,8.66,False
1st Floor Lobby,38.0,11.0,4.4,34.44,1.0,7.85,3.14,False
Lab 115,27.0,18.0,4.4,20.86,0.43,51.02,28.4,False
1st Floor Lobby,33.0,15.0,4.4,18.44,0.86,48.83,13.39,False
1st Floor Lobby,34.0,18.0,4.4,17.49,0.71,45.59,7.39,False
2nd Floor East Corridor,14.0,7.0,7.6,24.62,0.14,42.85,18.42,False
1st Floor East Corridor,26.0,9.0,4.4,7.28,0.78,25.9,2.34,False
2nd Floor Lobby,38.0,18.0,7.6,32.18,0.67,30.9,25.14,False
2nd Floor Lobby,40.0,20.0,7.6,22.37,0.57,40.95,26.39,False
1st Floor Lobby,38.0,10.0,4.4,19.7,1.0,41.11,13.97,False
1st Floor Lobby,32.0,15.0,4.4,27.31,0.67,17.01,11.14,False
2nd Floor Lobby,36.0,20.0,7.6,18.66,0.71,39.09,22.39,False
2nd Floor West Corridor,12.0,21.0,7.6,17.39,0.57,34.3,11.42,False
2nd Floor Lobby,40.0,13.0,7.6,35.61,0.0,29.55,20.14,False
2nd Floor East Corridor,19.0,8.0,7.6,21.87,0.0,29.55,20.14,False
Lab 102,28.0,26.0,4.4,9.06,0.86,22.55,6.39,False
1st Floor West Corridor,10.0,20.0,4.4,27.46,0.62,65.33,15.36,False
1st Floor Lobby,29.0,18.0,4.4,23.41,1.0,17.95,11.86,False
2nd Floor Lobby,32.0,18.0,7.6,30.97,0.4,42.86,19.33,False
Ground Floor Lobby,49.0,19.0,1.5,31.18,0.71,34.82,20.39,False
1st Floor East Corridor,5.0,9.0,4.4,24.04,0.33,36.8,22.66,False
Ground Floor East Corridor,30.0,8.0,1.5,22.15,0.57,43.78,26.39,False
Ground Floor Lobby,35.0,13.0,1.5,33.19,0.2,41.07,19.33,False
Ground Floor Lobby,40.0,15.0,1.5,14.61,1.0,27.33,6.03,False
Lecture Hall XXVI,49.0,27.0,4.4,12.17,0.62,22.61,13.36,False
Lecture Hall 205,3.0,13.0,7.6,36.2,0.5,43.56,28.36,False
Lab 103,10.0,24.0,4.4,19.7,0.67,30.58,18.66,False
Lecture Hall XXVI,41.0,25.0,4.4,13.15,0.57,42.62,19.42,False
1st Floor Lobby,40.0,14.0,4.4,15.23,1.0,22.31,13.97,False
Lab 103,16.0,23.0,4.4,9.49,1.0,13.75,7.86,False
1st Floor East Corridor,15.0,9.0,4.4,36.36,0.6,20.17,10.03,False
1st Floor East Corridor,10.0,8.0,4.4,18.25,0.67,14.57,8.14,False
1st Floor West Corridor,7.0,20.0,4.4,39.81,0.6,27.6,13.03,False
Lab 115,22.0,16.0,4.4,24.7,0.0,58.85,37.42,False
1st Floor Lobby,34.0,8.0,4.4,17.26,0.88,26.62,10.64,False
1st Floor Lobby,34.0,16.0,4.4,9.49,1.0,23.46,6.64,False
2nd Floor West Corridor,5.0,20.0,7.6,32.55,0.75,42.25,22.36,False
Ground Floor East Corridor,5.0,8.0,1.5,29.97,0.0,43.29,19.42,False
Lab 102,28.0,23.0,4.4,7.0,0.89,25.18,5.66,False
Ground Floor East Corridor,13.0,9.0,1.5,13.73,1.0,40.67,28.42,False
2nd Floor West Corridor,10.0,19.0,7.6,27.84,0.38,47.92,28.36,False
2nd Floor West Corridor,17.0,19.0,7.6,11.84,0.56,42.57,18.66,False
Ground Floor Lobby,43.0,13.0,1.5,38.39,0.67,27.36,17.14,False
Ground Floor Lobby,42.0,10.0,1.5,28.75,0.86,27.83,16.39,False
1st Floor East Corridor,17.0,9.0,4.4,13.04,0.78,25.78,3.66,False
Lab 106,6.0,13.0,4.4,19.1,0.43,29.03,15.39,False
2nd Floor West Corridor,9.0,21.0,7.6,19.96,0.25,57.85,37.42,False
Lecture Hall 205,5.0,12.0,7.6,14.5,0.67,26.4,20.14,False
Office 107b,1.0,3.0,4.4,36.12,0.0,43.29,19.42,False
1st Floor East Corridor,10.0,9.0,4.4,20.12,0.43,21.08,3.39,False
1st Floor Lobby,39.0,16.0,4.4,22.83,0.86,42.65,11.39,False
Lecture Hall XXVI,48.0,24.0,4.4,21.54,0.67,29.78,8.66,False
Ground Floor East Corridor,19.0,8.0,1.5,33.73,0.8,33.19,20.03,False
2nd Floor East Corridor,13.0,8.0,7.6,29.58,0.25,44.26,28.36,False
Lecture Hall XXVI,41.0,22.0,4.4,5.0,1.0,16.65,9.36,False
2nd Floor East Corridor,6.0,9.0,7.6,28.6,0.29,40.71,19.42,False
1st Floor East Corridor,5.0,8.0,4.4,6.4,1.0,8.69,5.42,False
Lab 103,18.0,27.0,4.4,22.63,0.4,38.95,19.33,False
2nd Floor West Corridor,21.0,19.0,7.6,26.76,0.6,31.06,16.03,False
Ground Floor West Corridor,24.0,20.0,1.5,18.26,1.0,31.38,3.14,False
Ground Floor Lobby,44.0,18.0,1.5,10.6,1.0,21.83,7.03,False
2nd Floor Lobby,34.0,12.0,7.6,20.25,1.0,39.89,3.97,False
Lecture Hall XXVI,44.0,28.0,4.4,45.31,0.2,43.28,19.33,False
2nd Floor Lobby,42.0,8.0,7.6,35.36,0.57,49.7,28.4,False
Ground Floor Lobby,47.0,10.0,1.5,20.13,0.56,35.91,0.66,False
Lecture Hall 205,1.0,10.0,7.6,3.5,0.9,39.61,9.33,False
Ground Floor East Corridor,22.0,8.0,1.5,21.78,0.0,58.85,37.42,False
2nd Floor Lobby,42.0,14.0,7.6,35.01,0.86,45.65,28.4,False
Lab 101,32.0,24.0,4.4,13.34,0.71,35.68,19.39,False
2nd Floor West Corridor,13.0,21.0,7.6,16.13,0.67,33.66,14.66,False
Lab 104,3.0,26.0,4.4,25.02,0.29,38.25,19.42,False
1st Floor East Corridor,7.0,7.0,4.4,22.85,0.33,40.79,22.66,False
Lab 104,4.0,24.0,4.4,13.15,0.3,38.65,19.33,False
Ground Floor North Corridor,9.0,12.0,1.5,31.01,0.25,44.02,28.36,False
1st Floor West Corridor,23.0,20.0,4.4,27.8,0.0,58.85,37.42,False
Lecture Hall XXVI,43.0,23.0,4.4,42.72,0.2,39.55,19.33,False
Ground Floor Lobby,48.0,10.0,1.5,26.41,1.0,36.11,17.42,False
Ground Floor East Corridor,4.0,7.0,1.5,31.38,0.29,42.06,19.42,False
Ground Floor East Corridor,24.0,7.0,1.5,22.55,0.3,48.03,19.33,False
Ground Floor West Corridor,19.0,19.0,1.5,12.39,0.43,34.15,19.42,False
2nd Floor Lobby,31.0,21.0,7.6,7.43,0.57,31.59,11.58,False
1st Floor East Corridor,20.0,9.0,4.4,18.03,0.14,44.16,26.39,False
2nd Floor East Corridor,10.0,7.0,7.6,32.61,0.12,44.16,28.36,False
2nd Floor West Corridor,17.0,19.0,7.6,11.66,1.0,48.0,22.4,False
2nd Floor Lobby,41.0,18.0,7.6,34.37,0.57,42.93,28.4,False
1st Floor Lobby,42.0,18.0,4.4,43.66,0.0,58.85,37.42,False
Ground Floor North Corridor,8.0,14.0,1.5,17.27,0.43,30.12,14.39,False
Lecture Hall XXVI,45.0,26.0,4.4,8.06,0.62,20.12,9.36,False
Lab 104,8.0,27.0,4.4,29.07,0.25,45.8,28.36,False
Lab 104,5.0,23.0,4.4,23.35,0.57,39.52,19.42,False
2nd Floor Lobby,42.0,7.0,7.6,16.95,0.78,31.09,8.66,False
Ground Floor Lobby,44.0,12.0,1.5,22.12,0.86,24.67,4.42,False
Office 107b,4.0,1.0,4.4,10.2,0.8,42.39,22.67,False
Office 107b,3.0,6.0,4.4,8.67,0.57,39.62,3.4,False
2nd Floor West Corridor,13.0,19.0,7.6,24.94,0.5,54.4,28.36,False
Ground Floor Lobby,45.0,16.0,1.5,39.4,1.0,25.27,14.14,False
Ground Floor East Corridor,4.0,9.0,1.5,7.89,0.29,43.26,23.4,False
Ground Floor East Corridor,30.0,7.0,1.5,20.31,0.43,34.38,2.42,False
Ground Floor Lobby,49.0,8.0,1.5,45.79,0.67,28.19,19.14,False
Lecture Hall XXVI,41.0,26.0,4.4,16.4,0.56,28.07,0.66,False
2nd Floor Lobby,41.0,21.0,7.6,23.03,0.43,41.65,26.39,False
2nd Floor Lobby,35.0,18.0,7.6,28.44,1.0,43.34,22.4,False
1st Floor Lobby,36.0,19.0,4.4,8.54,0.78,53.74,28.34,False
1st Floor West Corridor,23.0,19.0,4.4,22.47,0.5,40.36,19.33,False
2nd Floor Lobby,37.0,15.0,7.6,38.08,0.0,58.85,37.42,False
Ground Floor Lobby,37.0,9.0,1.5,16.26,0.62,44.72,12.36,False
Lab 101,38.0,27.0,4.4,19.0,0.29,60.47,26.39,False
Lab 102,28.0,27.0,4.4,21.02,0.67,10.31,5.14,False
Ground Floor Lobby,48.0,12.0,1.5,17.27,1.0,16.9,8.36,False
2nd Floor Lobby,37.0,7.0,7.6,22.16,0.57,27.16,2.58,False
1st Floor East Corridor,9.0,8.0,4.4,6.26,0.86,37.61,22.4,False
2nd Floor Lobby,40.0,10.0,7.6,36.81,0.33,27.59,20.14,False
1st Floor Lobby,42.0,20.0,4.4,44.38,0.0,58.85,37.42,False
Lab 104,2.0,28.0,4.4,44.0,0.0,37.56,23.03,False
Lab 115,26.0,16.0,4.4,13.04,0.86,29.19,10.39,False
Ground Floor East Corridor,7.0,7.0,1.5,44.39,0.2,36.2,23.03,False
2nd Floor East Corridor,7.0,8.0,7.6,5.0,1.0,19.83,10.6,False
Ground Floor Lobby,47.0,16.0,1.5,13.76,0.88,31.1,6.36,False
Ground Floor East Corridor,34.0,9.0,1.5,9.66,0.56,43.84,7.66,False
1st Floor Lobby,32.0,15.0,4.4,33.24,0.0,58.85,37.42,False
Lab 101,31.0,22.0,4.4,31.02,0.2,39.74,19.33,False
Lab 115,25.0,16.0,4.4,15.0,1.0,25.53,14.36,False
Lecture Hall 205,5.0,14.0,7.6,26.61,0.43,35.68,19.42,False
Ground Floor Lobby,42.0,10.0,1.5,15.51,0.78,26.89,8.66,False
Ground Floor North Corridor,8.0,16.0,1.5,10.46,1.0,24.18,5.14,False
Ground Floor Lobby,36.0,7.0,1.5,30.24,0.14,50.85,28.4,False
Lecture Hall XXVI,49.0,28.0,4.4,44.71,0.14,50.85,28.4,False
Lecture Hall XXVI,47.0,24.0,4.4,20.62,0.67,21.27,3.66,False
2nd Floor Lobby,37.0,15.0,7.6,21.87,0.71,26.75,14.39,False
1st Floor Lobby,36.0,9.0,4.4,34.06,0.5,37.56,19.33,False
2nd Floor West Corridor,8.0,21.0,7.6,29.45,0.5,54.95,28.36,False
2nd Floor Lobby,31.0,16.0,7.6,29.6,0.3,42.64,19.33,False
2nd Floor East Corridor,9.0,9.0,7.6,10.5,0.75,50.06,31.42,False
Lab 102,25.0,25.0,4.4,6.32,1.0,20.32,6.39,False
Lab 104,3.0,28.0,4.4,34.13,0.25,48.95,28.36,False
Lecture Hall XXVI,46.0,27.0,4.4,27.0,0.29,42.09,26.39,False
2nd Floor Lobby,33.0,17.0,7.6,27.7,0.0,29.55,20.14,False
Ground Floor Lobby,36.0,10.0,1.5,34.14,0.2,41.26,19.33,False
Ground Floor Lobby,48.0,17.0,1.5,30.81,0.86,33.02,20.39,False
Lab 103,23.0,28.0,4.4,16.12,1.0,10.49,6.86,False
Ground Floor West Corridor,5.0,20.0,1.5,23.52,0.56,38.49,22.66,False
2nd Floor Lobby,34.0,13.0,7.6,20.77,0.71,42.86,23.39,False
Ground Floor North Corridor,8.0,15.0,1.5,16.54,0.43,30.6,13.39,False
Lab 104,5.0,28.0,4.4,15.47,0.29,50.46,28.4,False
Ground Floor East Corridor,14.0,7.0,1.5,24.58,0.14,40.89,19.42,False
Lecture Hall 205,2.0,13.0,7.6,26.37,0.22,37.43,22.66,False
2nd Floor Lobby,35.0,16.0,7.6,19.68,0.71,40.3,24.39,False
2nd Floor North Corridor,8.0,17.0,7.6,20.28,0.44,35.26,22.66,False
1st Floor Lobby,38.0,11.0,4.4,36.0,0.5,37.58,19.33,False
2nd Floor East Corridor,8.0,9.0,7.6,27.1,0.29,38.27,19.42,False
Ground Floor Lobby,43.0,9.0,1.5,19.45,1.0,22.66,0.97,False
Lecture Hall XXVI,44.0,25.0,4.4,16.12,0.57,38.25,19.42,False
2nd Floor East Corridor,3.0,9.0,7.6,5.66,0.57,31.22,1.6,False
Lecture Hall XXVI,41.0,27.0,4.4,42.15,0.0,42.89,19.33,False
Lab 103,18.0,28.0,4.4,28.0,0.4,26.8,14.03,False
Ground Floor Lobby,46.0,19.0,1.5,39.73,1.0,27.33,16.14,False
Lab 104,9.0,23.0,4.4,10.69,0.43,50.47,28.4,False
2nd Floor Lobby,37.0,12.0,7.6,13.39,1.0,30.08,10.36,False
1st Floor West Corridor,5.0,20.0,4.4,15.65,0.71,16.98,4.61,False
1st Floor West Corridor,5.0,20.0,4.4,7.95,0.57,52.07,28.4,False
Lecture Hall 205,2.0,10.0,7.6,47.65,0.2,36.34,23.03,False
Ground Floor Lobby,37.0,16.0,1.5,38.39,0.0,58.85,37.42,False
Office 107b,1.0,4.0,4.4,29.55,0.0,44.45,22.66,False
Lab 103,20.0,26.0,4.4,18.66,0.29,53.99,28.4,False
Lab 103,11.0,22.0,4.4,26.17,0.62,56.46,18.36,False
Lab 101,29.0,26.0,4.4,22.0,0.67,26.87,17.14,False
1st Floor Lobby,36.0,8.0,4.4,20.62,0.57,49.53,19.42,False
2nd Floor Lobby,39.0,21.0,7.6,38.46,0.1,41.97,19.33,False
Ground Floor West Corridor,10.0,20.0,1.5,9.76,0.29,53.18,28.4,False
1st Floor West Corridor,17.0,20.0,4.4,13.04,1.0,37.89,13.42,False
Ground Floor Lobby,43.0,13.0,1.5,15.57,0.67,38.44,6.66,False
Lab 103,14.0,27.0,4.4,14.0,0.86,45.19,19.42,False
Ground Floor Lobby,38.0,15.0,1.5,33.02,0.33,33.16,25.14,False
Lecture Hall XXVI,39.0,25.0,4.4,39.56,0.2,39.25,19.33,False
2nd Floor West Corridor,15.0,19.0,7.6,23.03,0.5,44.43,28.36,False
2nd Floor Lobby,42.0,8.0,7.6,16.44,0.78,38.02,3.66,False
Lab 101,34.0,25.0,4.4,27.02,0.67,18.12,8.14,False
Lab 103,17.0,24.0,4.4,20.02,0.62,43.73,18.36,False
Ground Floor East Corridor,30.0,8.0,1.5,29.35,0.33,28.75,20.14,False
2nd Floor East Corridor,14.0,9.0,7.6,14.67,0.75,49.46,32.42,False
Lab 103,23.0,22.0,4.4,14.32,0.75,29.29,13.36,False
Ground Floor North Corridor,9.0,18.0,1.5,29.01,0.38,45.47,28.36,False
1st Floor West Corridor,24.0,20.0,4.4,8.06,1.0,27.67,8.42,False
2nd Floor East Corridor,7.0,8.0,7.6,18.28,0.67,15.77,10.14,False
Office 107b,4.0,4.0,4.4,48.37,0.0,37.56,23.03,False
2nd Floor West Corridor,9.0,19.0,7.6,7.95,1.0,5.32,1.86,False
Lecture Hall XXVI,45.0,26.0,4.4,45.54,0.0,42.89,19.33,False
1st Floor Lobby,39.0,12.0,4.4,39.05,0.0,58.85,37.42,False
Ground Floor East Corridor,1.0,9.0,1.5,3.66,0.5,38.97,13.33,False
Lab 103,18.0,24.0,4.4,19.03,0.62,38.82,20.36,False
Ground Floor East Corridor,12.0,7.0,1.5,9.91,0.43,48.82,28.4,False
1st Floor Lobby,35.0,16.0,4.4,7.0,1.0,31.87,13.34,False
2nd Floor West Corridor,19.0,20.0,7.6,19.5,0.5,39.64,19.33,False
Ground Floor Lobby,42.0,12.0,1.5,35.54,0.43,48.84,28.4,False
1st Floor West Corridor,18.0,20.0,4.4,7.07,1.0,25.04,11.61,False
Ground Floor Lobby,48.0,7.0,1.5,45.28,0.67,25.5,15.14,False
2nd Floor West Corridor,4.0,20.0,7.6,7.62,1.0,20.28,3.4,False
Ground Floor West Corridor,25.0,20.0,1.5,29.55,0.0,58.85,37.42,False
Ground Floor Lobby,35.0,10.0,1.5,32.38,1.0,18.1,14.14,False
1st Floor West Corridor,15.0,20.0,4.4,22.56,0.75,47.28,13.36,False
1st Floor Lobby,33.0,8.0,4.4,32.39,0.0,58.85,37.42,False
Lab 104,2.0,23.0,4.4,35.06,0.38,45.8,28.36,False
2nd Floor East Corridor,5.0,7.0,7.6,24.9,0.0,44.45,22.66,False
Ground Floor Lobby,49.0,9.0,1.5,47.13,0.3,40.04,19.33,False
Lab 104,4.0,24.0,4.4,11.84,0.29,50.46,28.4,False
Lecture Hall XXVI,41.0,27.0,4.4,34.01,0.0,29.55,20.14,False
Ground Floor Lobby,47.0,9.0,1.5,43.56,1.0,24.96,18.14,False
Lab 101,29.0,22.0,4.4,22.36,0.67,8.78,2.14,False
Ground Floor Lobby,36.0,8.0,1.5,34.26,0.33,28.75,20.14,False
Ground Floor Lobby,50.0,18.0,1.5,22.28,0.44,36.9,12.66,False
Ground Floor East Corridor,7.0,7.0,1.5,7.77,1.0,34.55,21.42,False
Ground Floor East Corridor,30.0,8.0,1.5,8.74,0.56,41.85,1.66,False
Lecture Hall XXVI,41.0,23.0,4.4,14.76,0.78,16.14,6.34,False
2nd Floor Lobby,35.0,12.0,7.6,13.54,1.0,31.78,11.36,False
Lecture Hall 205,5.0,17.0,7.6,9.76,0.67,14.57,8.14,False
2nd Floor East Corridor,4.0,9.0,7.6,25.2,0.33,40.93,22.66,False
1st Floor West Corridor,2.0,20.0,4.4,44.72,0.4,21.3,8.03,False
Ground Floor East Corridor,33.0,8.0,1.5,31.76,0.67,29.18,21.14,False
2nd Floor East Corridor,9.0,9.0,7.6,20.5,0.56,39.86,22.66,False
Office 107b,2.0,6.0,4.4,20.62,0.67,31.6,21.14,False
Lab 106,5.0,12.0,4.4,14.14,1.0,6.62,3.14,False
2nd Floor East Corridor,13.0,8.0,7.6,19.24,0.33,27.59,17.14,False
1st Floor Lobby,41.0,11.0,4.4,40.79,0.0,58.85,37.42,False
Ground Floor Lobby,48.0,13.0,1.5,15.41,1.0,19.4,3.03,False
Lecture Hall XXVI,43.0,25.0,4.4,36.01,0.67,24.83,16.14,False
1st Floor Lobby,37.0,10.0,4.4,19.24,0.86,43.01,0.58,False
2nd Floor Lobby,40.0,18.0,7.6,12.09,1.0,22.28,4.03,False
1st Floor Lobby,39.0,9.0,4.4,20.25,1.0,33.8,12.97,False
Ground Floor West Corridor,8.0,19.0,1.5,17.7,0.0,58.85,37.42,False
Lab 101,37.0,26.0,4.4,30.0,0.67,18.9,12.14,False
Lab 102,27.0,25.0,4.4,20.02,0.67,19.66,14.14,False
Lecture Hall 205,2.0,12.0,7.6,46.93,0.2,36.7,23.03,False
2nd Floor Lobby,33.0,8.0,7.6,31.31,0.2,44.15,19.33,False
2nd Floor Lobby,33.0,16.0,7.6,31.56,0.1,41.82,19.33,False
Ground Floor East Corridor,26.0,9.0,1.5,19.63,0.38,35.59,21.36,False
Ground Floor Lobby,47.0,10.0,1.5,40.57,0.14,50.96,28.4,False
Lab 104,2.0,22.0,4.4,17.72,0.43,27.55,12.39,False
2nd Floor West Corridor,23.0,19.0,7.6,17.09,1.0,40.79,25.4,False
Lecture Hall 205,3.0,11.0,7.6,29.85,0.29,40.05,19.42,False
2nd Floor Lobby,31.0,8.0,7.6,22.7,0.43,41.65,26.39,False
Ground Floor East Corridor,21.0,9.0,1.5,18.34,0.57,41.64,26.39,False
2nd Floor East Corridor,12.0,9.0,7.6,12.93,0.75,51.5,30.42,False
Lab 115,21.0,17.0,4.4,19.92,0.4,38.92,19.33,False
2nd Floor Lobby,30.0,16.0,7.6,15.88,0.43,53.33,26.39,False
Ground Floor West Corridor,22.0,19.0,1.5,21.73,0.4,41.43,19.33,False
Ground Floor East Corridor,12.0,8.0,1.5,9.34,0.14,46.82,28.4,False
2nd Floor Lobby,30.0,21.0,7.6,8.67,0.88,43.36,17.36,False
Ground Floor East Corridor,3.0,8.0,1.5,6.12,0.5,58.26,35.42,False
1st Floor West Corridor,27.0,20.0,4.4,7.07,1.0,23.25,5.42,False
Lab 104,1.0,23.0,4.4,12.09,0.29,52.23,28.4,False
2nd Floor Lobby,32.0,15.0,7.6,30.43,0.2,43.38,19.33,False
Ground Floor West Corridor,7.0,20.0,1.5,22.33,0.43,36.82,19.42,False
Ground Floor North Corridor,8.0,15.0,1.5,7.77,0.7,39.43,12.33,False
Lab 103,20.0,25.0,4.4,29.07,0.0,58.85,37.42,False
2nd Floor Lobby,38.0,8.0,7.6,35.99,0.67,26.83,18.14,False
2nd Floor Lobby,31.0,21.0,7.6,16.86,1.0,32.33,9.03,False
Ground Floor East Corridor,16.0,8.0,1.5,22.66,0.43,40.75,18.42,False
2nd Floor East Corridor,18.0,8.0,7.6,16.59,0.3,54.73,19.33,False
1st Floor Lobby,31.0,8.0,4.4,25.0,1.0,19.51,10.97,False
Lecture Hall 205,4.0,12.0,7.6,35.61,0.25,43.89,28.36,False
Lab 115,28.0,18.0,4.4,9.0,0.86,28.25,19.42,False
Ground Floor Lobby,47.0,7.0,1.5,44.38,0.67,27.16,20.14,False
2nd Floor West Corridor,1.0,19.0,7.6,36.64,0.75,42.97,28.36,False
Ground Floor Lobby,49.0,8.0,1.5,20.43,1.0,22.59,6.97,False
Ground Floor Lobby,35.0,18.0,1.5,15.15,0.8,32.73,6.03,False
2nd Floor Lobby,35.0,7.0,7.6,23.92,1.0,32.0,14.03,False
Lab 103,14.0,28.0,4.4,23.19,0.62,46.41,21.36,False
Ground Floor Lobby,42.0,17.0,1.5,35.75,0.14,50.66,28.4,False
2nd Floor East Corridor,25.0,9.0,7.6,18.53,0.14,42.38,19.42,False
Ground Floor Lobby,45.0,11.0,1.5,17.96,0.56,31.15,6.66,False
1st Floor Lobby,39.0,14.0,4.4,32.18,0.43,49.75,28.4,False
1st Floor Lobby,34.0,19.0,4.4,6.71,1.0,31.94,14.64,False
Lecture Hall XXVI,41.0,28.0,4.4,5.0,0.75,11.84,2.64,False
Ground Floor East Corridor,6.0,7.0,1.5,7.03,1.0,40.17,25.42,False
1st Floor Lobby,40.0,15.0,4.4,40.8,0.0,58.85,37.42,False
Lecture Hall XXVI,39.0,22.0,4.4,33.4,0.43,49.2,28.4,False
Ground Floor West Corridor,7.0,20.0,1.5,14.19,0.57,28.32,5.39,False
Ground Floor North Corridor,9.0,18.0,1.5,38.44,0.2,36.05,23.03,False
Ground Floor Lobby,48.0,17.0,1.5,41.64,0.57,45.74,28.4,False
Lecture Hall 205,3.0,14.0,7.6,20.86,0.43,31.93,17.39,False
1st Floor Lobby,30.0,19.0,4.4,23.98,0.71,47.97,28.4,False
2nd Floor Lobby,37.0,7.0,7.6,36.36,0.25,58.34,37.42,False
Lab 101,33.0,25.0,4.4,26.02,0.67,22.16,14.14,False
Ground Floor East Corridor,23.0,9.0,1.5,18.91,0.57,32.73,5.42,False
Office 107b,4.0,1.0,4.4,25.18,0.67,28.19,19.14,False
Ground Floor Lobby,37.0,7.0,1.5,18.23,0.62,38.27,9.36,False
Lecture Hall XXVI,41.0,24.0,4.4,45.18,0.0,58.85,37.42,False
1st Floor Lobby,37.0,14.0,4.4,9.22,0.89,25.91,13.34,False
2nd Floor Lobby,31.0,9.0,7.6,24.42,0.8,29.12,2.97,False
1st Floor Lobby,40.0,10.0,4.4,15.3,1.0,33.81,15.64,False
Ground Floor Lobby,44.0,11.0,1.5,17.36,0.8,35.17,4.97,False
1st Floor East Corridor,24.0,8.0,4.4,29.73,0.6,24.4,12.03,False
Lecture Hall XXVI,42.0,25.0,4.4,23.09,0.57,46.66,20.39,False
Ground Floor West Corridor,9.0,20.0,1.5,37.97,0.2,36.42,23.03,False
Lab 103,14.0,25.0,4.4,23.0,0.38,56.89,28.36,False
1st Floor Lobby,42.0,14.0,4.4,35.16,0.57,47.04,28.4,False
Lab 115,28.0,15.0,4.4,22.2,0.8,21.55,11.97,False
1st Floor West Corridor,1.0,19.0,4.4,28.16,0.57,33.47,19.42,False
Lecture Hall 205,1.0,12.0,7.6,9.55,0.75,51.81,37.42,False
Lecture Hall 205,3.0,13.0,7.6,13.97,0.67,15.77,10.14,False
Ground Floor Lobby,37.0,15.0,1.5,30.68,0.29,51.2,28.4,False
Lab 104,6.0,23.0,4.4,12.65,1.0,26.59,9.33,False
Lab 104,5.0,26.0,4.4,15.3,0.6,33.42,12.33,False
2nd Floor West Corridor,21.0,19.0,7.6,15.23,0.86,40.44,28.4,False
Lab 103,16.0,26.0,4.4,21.02,0.5,51.79,28.36,False
Lecture Hall XXVI,44.0,25.0,4.4,44.27,0.2,40.18,19.33,False
2nd Floor North Corridor,8.0,17.0,7.6,15.98,0.5,56.03,37.42,False
1st Floor North Corridor,9.0,16.0,4.4,38.9,0.0,37.56,23.03,False
Lab 102,26.0,25.0,4.4,20.22,0.6,16.82,2.97,False
Lab 106,3.0,12.0,4.4,25.32,0.33,36.84,22.66,False
2nd Floor North Corridor,9.0,10.0,7.6,11.1,1.0,46.07,26.42,False
Lecture Hall 205,7.0,13.0,7.6,21.45,0.56,34.32,22.66,False
1st Floor East Corridor,26.0,9.0,4.4,19.42,0.75,15.36,1.36,False
Ground Floor East Corridor,5.0,8.0,1.5,45.71,0.2,36.63,23.03,False
1st Floor West Corridor,9.0,19.0,4.4,7.28,1.0,43.34,25.86,False
Ground Floor East Corridor,12.0,8.0,1.5,10.84,0.5,50.08,19.33,False
Ground Floor West Corridor,29.0,20.0,1.5,5.04,0.78,32.48,11.66,False
Ground Floor East Corridor,24.0,8.0,1.5,18.74,0.14,47.18,28.4,False
Lab 101,33.0,28.0,4.4,13.0,0.78,18.69,0.66,False
Lecture Hall 205,1.0,12.0,7.6,3.5,0.4,41.47,19.33,False
Ground Floor Lobby,39.0,9.0,1.5,20.46,1.0,38.94,14.03,False
Lab 106,6.0,12.0,4.4,26.63,0.29,38.26,19.42,False
Lecture Hall 205,6.0,15.0,7.6,11.5,0.67,9.5,1.14,False
Ground Floor Lobby,40.0,15.0,1.5,34.91,0.33,28.46,20.14,False
Ground Floor Lobby,48.0,16.0,1.5,20.21,0.78,34.39,4.66,False
2nd Floor North Corridor,8.0,10.0,7.6,21.12,0.44,37.66,22.66,False
2nd Floor Lobby,32.0,21.0,7.6,35.99,0.0,58.85,37.42,False
2nd Floor Lobby,36.0,16.0,7.6,29.15,0.71,49.05,28.4,False
Lab 115,23.0,17.0,4.4,25.5,0.6,22.7,9.03,False
2nd Floor West Corridor,17.0,20.0,7.6,30.25,0.2,36.91,23.03,False
Lecture Hall 205,1.0,16.0,7.6,37.25,0.5,43.57,28.36,False
2nd Floor West Corridor,19.0,19.0,7.6,24.29,0.0,58.85,37.42,False
Lab 104,3.0,26.0,4.4,43.05,0.0,37.56,23.03,False
2nd Floor West Corridor,2.0,19.0,7.6,19.06,0.57,24.82,11.39,False
2nd Floor West Corridor,20.0,19.0,7.6,11.76,0.86,30.92,4.42,False
Lab 103,14.0,26.0,4.4,26.42,0.0,58.85,37.42,False
Ground Floor Lobby,48.0,7.0,1.5,46.26,0.2,42.08,19.33,False
Ground Floor West Corridor,4.0,19.0,1.5,25.46,0.29,38.46,19.42,False
Lecture Hall XXVI,48.0,26.0,4.4,22.36,0.44,33.94,13.66,False
Lab 115,26.0,18.0,4.4,11.4,0.86,24.47,8.39,False
Ground Floor East Corridor,1.0,9.0,1.5,32.58,0.0,43.29,19.42,False
2nd Floor East Corridor,15.0,7.0,7.6,37.58,0.2,36.88,23.03,False
2nd Floor Lobby,41.0,13.0,7.6,26.27,0.71,34.17,21.39,False
Lab 103,23.0,27.0,4.4,14.14,0.62,39.26,21.36,False
2nd Floor Lobby,39.0,12.0,7.6,35.07,0.67,16.37,10.14,False
2nd Floor Lobby,38.0,17.0,7.6,10.55,0.78,36.05,5.66,False
1st Floor West Corridor,16.0,19.0,4.4,21.93,0.25,57.6,35.42,False
Ground Floor Lobby,39.0,8.0,1.5,27.74,0.29,41.84,26.39,False
Lab 103,19.0,22.0,4.4,10.3,0.86,31.58,19.42,False
1st Floor Lobby,39.0,16.0,4.4,9.22,0.88,23.69,6.64,False
Ground Floor West Corridor,25.0,19.0,1.5,19.53,0.67,27.85,20.14,False
Office 107b,3.0,2.0,4.4,24.33,0.67,27.52,18.14,False
Lecture Hall 205,1.0,16.0,7.6,29.33,0.43,41.35,19.42,False
Lab 103,16.0,27.0,4.4,9.06,1.0,10.29,5.86,False
Lab 103,11.0,27.0,4.4,26.08,0.5,47.17,24.36,False
1st Floor Lobby,34.0,12.0,4.4,21.21,0.57,48.97,24.39,False
2nd Floor East Corridor,7.0,8.0,7.6,8.44,1.0,44.32,25.42,False
Lab 102,27.0,23.0,4.4,10.2,0.75,32.27,12.36,False
2nd Floor Lobby,31.0,20.0,7.6,25.0,0.86,40.83,25.4,False
Lab 104,7.0,23.0,4.4,21.38,0.86,37.66,16.42,False
Ground Floor Lobby,40.0,13.0,1.5,33.56,0.14,50.78,28.4,False
Ground Floor North Corridor,9.0,13.0,1.5,13.47,1.0,28.32,14.14,False
Lecture Hall 205,5.0,16.0,7.6,10.69,0.67,10.75,5.14,False
2nd Floor East Corridor,26.0,9.0,7.6,18.39,0.0,43.29,19.42,False
Lab 101,31.0,23.0,4.4,36.06,0.0,58.85,37.42,False
Lab 101,36.0,24.0,4.4,17.26,0.71,47.59,20.39,False
2nd Floor Lobby,35.0,7.0,7.6,33.4,0.2,43.25,19.33,False
2nd Floor East Corridor,14.0,7.0,7.6,38.41,0.2,36.35,23.03,False
1st Floor Lobby,39.0,8.0,4.4,38.33,0.0,58.85,37.42,False
Lab 115,26.0,18.0,4.4,13.04,0.88,22.52,7.36,False
Ground Floor Lobby,46.0,14.0,1.5,18.34,0.56,36.66,4.66,False
2nd Floor Lobby,33.0,19.0,7.6,16.44,0.71,41.53,18.39,False
1st Floor Lobby,42.0,18.0,4.4,14.14,0.78,18.66,6.34,False
2nd Floor North Corridor,9.0,13.0,7.6,2.0,1.0,20.5,6.6,False
Ground Floor Lobby,38.0,11.0,1.5,19.01,0.8,35.99,5.03,False
Ground Floor Lobby,37.0,12.0,1.5,10.27,0.78,31.65,1.66,False
Lecture Hall 205,2.0,14.0,7.6,36.83,0.38,43.77,28.36,False
Ground Floor Lobby,44.0,14.0,1.5,42.21,0.3,41.2,19.33,False
Ground Floor West Corridor,34.0,19.0,1.5,28.32,0.29,49.7,28.4,False
Ground Floor East Corridor,33.0,7.0,1.5,32.33,0.0,29.55,20.14,False
Ground Floor Lobby,38.0,7.0,1.5,32.16,0.14,50.78,28.4,False
Ground Floor West Corridor,2.0,19.0,1.5,8.51,0.4,41.11,19.33,False
Ground Floor East Corridor,0.0,8.0,1.5,19.53,0.33,28.73,20.14,False
2nd Floor East Corridor,3.0,9.0,7.6,30.97,0.0,43.29,19.42,False
Lab 115,21.0,17.0,4.4,27.31,1.0,16.09,9.03,False
1st Floor North Corridor,8.0,18.0,4.4,9.22,1.0,48.52,14.33,False
2nd Floor Lobby,36.0,15.0,7.6,16.71,1.0,28.06,2.97,False
Ground Floor West Corridor,13.0,19.0,1.5,10.45,0.43,50.56,28.4,False
2nd Floor Lobby,33.0,16.0,7.6,28.04,0.0,29.55,20.14,False
Ground Floor Lobby,45.0,19.0,1.5,19.01,0.86,31.69,6.42,False
1st Floor East Corridor,3.0,8.0,4.4,7.16,0.86,34.15,14.4,False
2nd Floor East Corridor,18.0,8.0,7.6,25.7,0.12,46.21,28.36,False
Ground Floor Lobby,36.0,9.0,1.5,16.29,0.75,37.09,15.36,False
Ground Floor Lobby,49.0,10.0,1.5,19.43,0.62,23.69,5.36,False
2nd Floor East Corridor,15.0,8.0,7.6,19.68,0.29,38.73,22.39,False
Lecture Hall 205,3.0,12.0,7.6,29.33,0.43,37.07,19.42,False
Ground Floor West Corridor,29.0,19.0,1.5,13.13,0.71,39.91,26.39,False
1st Floor Lobby,36.0,10.0,4.4,20.59,1.0,42.42,19.97,False
Ground Floor Lobby,35.0,18.0,1.5,11.76,0.57,30.18,9.42,False
Ground Floor Lobby,48.0,8.0,1.5,20.31,1.0,15.17,7.03,False
Lab 102,25.0,27.0,4.4,28.02,0.2,38.54,19.33,False
2nd Floor Lobby,41.0,20.0,7.6,43.58,0.25,59.13,37.42,False
2nd Floor Lobby,39.0,18.0,7.6,33.14,0.33,27.59,17.14,False
Lab 103,16.0,24.0,4.4,12.37,1.0,36.53,16.42,False
Lecture Hall XXVI,45.0,27.0,4.4,1.41,1.0,9.33,3.97,True
Lecture Hall XXVI,45.0,25.0,4.4,3.16,0.8,16.86,3.03,True
Lecture Hall XXVI,49.0,26.0,4.4,3.61,0.8,16.09,5.03,True
Lecture Hall XXVI,47.0,28.0,4.4,1.0,1.0,9.89,3.03,True
Lecture Hall XXVI,42.0,22.0,4.4,7.21,1.0,10.22,3.03,True
Lecture Hall XXVI,48.0,23.0,4.4,5.39,1.0,14.41,8.03,True
Lecture Hall XXVI,39.0,23.0,4.4,8.6,1.0,28.1,15.97,True
Lecture Hall XXVI,47.0,24.0,4.4,4.12,1.0,7.9,4.03,True
Lecture Hall XXVI,48.0,24.0,4.4,4.47,1.0,15.18,9.03,True
Lecture Hall XXVI,45.0,22.0,4.4,6.08,0.8,18.61,8.03,True
Lecture Hall XXVI,48.0,22.0,4.4,6.32,1.0,12.47,7.03,True
Lecture Hall XXVI,42.0,26.0,4.4,4.47,1.0,5.99,3.97,True
Lecture Hall XXVI,41.0,24.0,4.4,6.4,1.0,13.44,6.97,True
Lecture Hall XXVI,43.0,25.0,4.4,4.24,1.0,6.88,4.03,True
Lecture Hall XXVI,43.0,23.0,4.4,5.83,1.0,6.1,1.03,True
Lecture Hall XXVI,44.0,24.0,4.4,4.47,1.0,7.43,4.97,True
Lecture Hall XXVI,46.0,23.0,4.4,5.0,1.0,16.83,11.03,True
Lecture Hall XXVI,46.0,24.0,4.4,4.0,1.0,10.13,6.03,True
Lecture Hall XXVI,47.0,22.0,4.4,6.08,1.0,7.29,1.97,True
Lecture Hall XXVI,45.0,23.0,4.4,5.1,1.0,15.25,9.03,True
Lecture Hall XXVI,42.0,28.0,4.4,4.0,1.0,8.4,3.97,True
Lecture Hall XXVI,42.0,23.0,4.4,6.4,0.8,17.03,8.97,True
Lecture Hall XXVI,43.0,27.0,4.4,3.16,1.0,8.34,1.97,True
Lecture Hall XXVI,44.0,25.0,4.4,3.61,1.0,9.13,2.97,True
Lecture Hall XXVI,44.0,22.0,4.4,6.32,1.0,6.01,1.03,True
Lecture Hall XXVI,45.0,26.0,4.4,2.24,1.0,13.82,2.03,True
Lecture Hall XXVI,42.0,25.0,4.4,5.0,1.0,11.99,7.97,True
Lecture Hall XXVI,40.0,25.0,4.4,6.71,1.0,16.07,10.97,True
Lecture Hall XXVI,46.0,22.0,4.4,6.0,1.0,10.02,2.03,True
Lecture Hall XXVI,49.0,23.0,4.4,5.83,1.0,11.31,7.03,True
Lecture Hall XXVI,42.0,27.0,4.4,4.12,1.0,3.85,1.03,True
Lecture Hall XXVI,39.0,24.0,4.4,8.06,1.0,22.51,14.97,True
Lecture Hall XXVI,47.0,25.0,4.4,3.16,0.8,13.89,5.03,True
Lecture Hall XXVI,43.0,24.0,4.4,5.0,1.0,13.84,8.97,True
Lecture Hall XXVI,47.0,27.0,4.4,1.41,1.0,5.62,1.97,True
Lecture Hall XXVI,43.0,22.0,4.4,6.71,1.0,8.24,3.97,True
Lecture Hall XXVI,48.0,25.0,4.4,3.61,1.0,3.67,0.03,True
Lecture Hall XXVI,40.0,27.0,4.4,6.08,1.0,20.57,13.97,True
Lecture Hall XXVI,46.0,27.0,4.4,1.0,1.0,17.79,9.03,True
Lecture Hall XXVI,39.0,22.0,4.4,9.22,1.0,19.09,5.97,True
Lecture Hall XXVI,44.0,28.0,4.4,2.0,1.0,10.21,5.97,True
Lecture Hall XXVI,41.0,27.0,4.4,5.1,1.0,21.08,12.97,True
Lecture Hall XXVI,49.0,25.0,4.4,4.24,1.0,18.61,10.03,True
Lecture Hall XXVI,40.0,22.0,4.4,8.49,1.0,10.84,0.97,True
Lecture Hall XXVI,48.0,28.0,4.4,2.0,1.0,19.47,9.03,True
Lecture Hall XXVI,49.0,22.0,4.4,6.71,1.0,13.25,2.03,True
Lecture Hall XXVI,47.0,23.0,4.4,5.1,1.0,7.77,2.97,True
Lecture Hall XXVI,48.0,27.0,4.4,2.24,1.0,8.18,3.03,True
Lecture Hall XXVI,42.0,24.0,4.4,5.66,1.0,7.37,0.03,True
Lecture Hall XXVI,48.0,26.0,4.4,2.83,0.8,23.2,14.03,True
Lecture Hall XXVI,49.0,24.0,4.4,5.0,1.0,16.7,10.03,True
Lecture Hall XXVI,41.0,22.0,4.4,7.81,1.0,11.39,3.03,True
Lecture Hall XXVI,40.0,23.0,4.4,7.81,1.0,13.24,8.97,True
Lecture Hall XXVI,45.0,24.0,4.4,4.12,1.0,22.1,12.03,True
Lecture Hall XXVI,39.0,26.0,4.4,7.28,1.0,12.93,2.97,True
Lecture Hall XXVI,40.0,24.0,4.4,7.21,1.0,10.89,6.97,True
Lecture Hall XXVI,39.0,25.0,4.4,7.62,1.0,15.27,1.97,True
Lecture Hall XXVI,39.0,28.0,4.4,7.0,1.0,15.14,0.97,True
Office 107b,3.0,3.0,4.4,2.0,1.0,11.02,6.42,True
Lecture Hall 205,3.0,10.0,7.6,5.0,0.71,29.03,0.4,True
Lecture Hall XXVI,46.0,28.0,4.4,0.0,0.8,13.86,4.03,True
Lecture Hall XXVI,40.0,28.0,4.4,6.0,1.0,9.0,4.97,True
Lecture Hall XXVI,44.0,27.0,4.4,2.24,0.8,14.58,3.97,True
Lecture Hall XXVI,39.0,27.0,4.4,7.07,1.0,18.76,3.03,True
Lecture Hall XXVI,43.0,28.0,4.4,3.0,1.0,7.87,3.97,True
Lecture Hall XXVI,44.0,23.0,4.4,5.39,1.0,11.14,8.03,True
Lecture Hall XXVI,40.0,26.0,4.4,6.32,1.0,19.98,11.97,True
Lecture Hall XXVI,44.0,26.0,4.4,2.83,1.0,5.34,0.97,True
Lecture Hall XXVI,41.0,26.0,4.4,5.39,1.0,5.48,1.03,True
Lecture Hall XXVI,43.0,26.0,4.4,3.61,0.8,20.73,7.03,True
Lecture Hall XXVI,46.0,25.0,4.4,3.0,1.0,15.11,7.03,True
Lecture Hall XXVI,45.0,28.0,4.4,1.0,1.0,9.54,1.03,True
Lecture Hall XXVI,41.0,25.0,4.4,5.83,1.0,17.6,8.97,True
Office 107b,2.0,4.0,4.4,1.41,1.0,9.17,4.42,True
Office 107b,4.0,1.0,4.4,3.61,1.0,12.24,4.58,True
Office 107b,1.0,5.0,4.4,2.0,1.0,23.62,14.58,True
Office 107b,4.0,2.0,4.4,3.16,1.0,10.43,5.42,True
Office 107b,4.0,6.0,4.4,4.24,1.0,16.44,9.58,True
Office 107b,1.0,6.0,4.4,3.0,1.0,7.23,5.58,True
Office 107b,4.0,4.0,4.4,3.16,1.0,5.43,2.58,True
Office 107b,3.0,4.0,4.4,2.24,1.0,9.39,0.42,True
Office 107b,3.0,6.0,4.4,3.61,1.0,19.53,9.58,True
Office 107b,2.0,6.0,4.4,3.16,1.0,2.23,0.42,True
Office 107b,4.0,5.0,4.4,3.61,1.0,21.62,13.58,True
Office 107b,2.0,5.0,4.4,2.24,1.0,7.81,1.42,True
Office 107b,4.0,3.0,4.4,3.0,1.0,9.95,6.42,True
Lecture Hall XXVI,41.0,28.0,4.4,5.0,1.0,12.72,8.97,True
Office 107b,2.0,3.0,4.4,1.0,1.0,12.95,5.42,True
Lecture Hall XXVI,41.0,23.0,4.4,7.07,1.0,8.46,5.97,True
Office 107b,1.0,2.0,4.4,1.0,1.0,19.23,13.42,True
Lecture Hall 205,5.0,12.0,7.6,2.24,0.86,20.5,3.4,True
Lecture Hall XXVI,49.0,28.0,4.4,3.0,1.0,17.51,8.03,True
Office 107b,1.0,4.0,4.4,1.0,1.0,11.89,0.42,True
Office 107b,2.0,1.0,4.4,2.24,1.0,12.78,5.42,True
Office 107b,3.0,2.0,4.4,2.24,1.0,8.22,4.58,True
Office 107b,1.0,1.0,4.4,2.0,1.0,12.76,6.42,True
Office 107b,3.0,5.0,4.4,2.83,1.0,9.55,4.58,True
Office 107b,2.0,2.0,4.4,1.41,1.0,12.34,5.42,True
Office 107b,1.0,3.0,4.4,0.0,1.0,20.2,8.42,True
Lecture Hall 205,4.0,17.0,7.6,5.0,1.0,14.42,8.6,True
Lecture Hall 205,1.0,15.0,7.6,6.32,1.0,16.74,6.4,True
Lecture Hall 205,2.0,12.0,7.6,5.1,0.71,21.34,9.4,True
Lecture Hall 205,6.0,17.0,7.6,4.12,1.0,18.27,8.6,True
Lecture Hall 205,2.0,17.0,7.6,6.4,1.0,15.46,3.4,True
Lecture Hall 205,3.0,15.0,7.6,4.47,1.0,14.85,9.4,True
Lecture Hall 205,3.0,13.0,7.6,4.0,1.0,8.93,3.4,True
Lecture Hall 205,5.0,17.0,7.6,4.47,1.0,8.86,0.6,True
Lecture Hall 205,6.0,13.0,7.6,1.0,1.0,15.12,11.6,True
Lecture Hall 205,3.0,17.0,7.6,5.66,1.0,11.63,4.4,True
Lecture Hall 205,6.0,18.0,7.6,5.1,1.0,13.9,0.4,True
Lecture Hall 205,2.0,16.0,7.6,5.83,1.0,12.81,6.4,True
Lecture Hall 205,5.0,13.0,7.6,2.0,1.0,15.28,5.6,True
Lecture Hall 205,7.0,18.0,7.6,5.0,1.0,17.88,3.4,True
Lecture Hall 205,2.0,14.0,7.6,5.1,0.86,17.79,7.4,True
Lecture Hall 205,3.0,18.0,7.6,6.4,1.0,24.46,12.4,True
Lecture Hall 205,3.0,11.0,7.6,4.47,1.0,16.71,2.6,True
Lecture Hall 205,5.0,11.0,7.6,2.83,1.0,11.83,3.4,True
Lecture Hall 205,1.0,16.0,7.6,6.71,0.71,33.09,12.4,True
Office 107b,3.0,1.0,4.4,2.83,1.0,8.49,0.58,True
Lecture Hall 205,5.0,18.0,7.6,5.39,1.0,17.54,5.6,True
Lecture Hall 205,6.0,16.0,7.6,3.16,1.0,15.17,9.6,True
Lecture Hall 205,6.0,10.0,7.6,3.16,0.86,17.5,8.6,True
Lecture Hall 205,6.0,11.0,7.6,2.24,0.86,19.75,10.6,True
Lecture Hall 205,2.0,18.0,7.6,7.07,1.0,15.9,11.4,True
Lecture Hall 205,4.0,10.0,7.6,4.24,1.0,17.36,12.6,True
Lecture Hall 205,2.0,13.0,7.6,5.0,0.86,14.01,6.4,True
Lecture Hall 205,1.0,12.0,7.6,6.08,0.57,21.71,10.4,True
Lecture Hall 205,7.0,16.0,7.6,3.0,1.0,28.78,12.6,True
Lecture Hall 205,4.0,18.0,7.6,5.83,1.0,14.91,5.6,True
Lecture Hall 205,2.0,11.0,7.6,5.39,0.71,15.61,2.4,True
Lecture Hall 205,5.0,16.0,7.6,3.61,1.0,15.74,1.6,True
Lecture Hall 205,2.0,15.0,7.6,5.39,1.0,9.47,0.6,True
Lecture Hall 205,3.0,16.0,7.6,5.0,1.0,10.11,2.4,True
Lecture Hall 205,6.0,12.0,7.6,1.41,1.0,21.72,10.6,True
Lecture Hall 205,6.0,14.0,7.6,1.41,1.0,12.17,6.6,True
Lecture Hall 205,1.0,10.0,7.6,6.71,0.86,26.84,0.4,True
Lecture Hall 205,4.0,11.0,7.6,3.61,1.0,7.31,6.6,True
Lecture Hall 205,1.0,17.0,7.6,7.21,1.0,21.41,18.4,True
Lecture Hall 205,7.0,10.0,7.6,3.0,1.0,19.07,3.6,True
Lecture Hall 205,5.0,10.0,7.6,3.61,1.0,10.06,3.6,True
Lecture Hall 205,1.0,18.0,7.6,7.81,1.0,6.15,1.4,True
Lecture Hall 205,3.0,14.0,7.6,4.12,0.86,27.03,1.4,True
Lecture Hall 205,7.0,15.0,7.6,2.0,1.0,17.6,15.4,True
Lecture Hall 205,7.0,17.0,7.6,4.0,1.0,17.13,2.6,True
Lecture Hall 205,4.0,13.0,7.6,3.0,0.86,16.17,9.4,True
Lecture Hall 205,4.0,12.0,7.6,3.16,0.86,14.33,4.4,True
Lecture Hall 205,6.0,15.0,7.6,2.24,1.0,10.58,1.4,True
Lecture Hall 205,5.0,15.0,7.6,2.83,1.0,13.65,8.4,True
Lecture Hall 205,2.0,10.0,7.6,5.83,1.0,9.93,6.6,True
Lecture Hall XXVI,49.0,27.0,4.4,3.16,1.0,12.33,7.03,True
Lecture Hall 205,4.0,15.0,7.6,3.61,1.0,12.16,3.4,True
Lecture Hall 205,1.0,11.0,7.6,6.32,1.0,16.68,0.4,True
Lab 103,17.0,26.0,4.4,2.24,1.0,8.27,1.61,True
Lecture Hall 205,5.0,14.0,7.6,2.24,1.0,14.58,9.6,True
Lecture Hall 205,3.0,12.0,7.6,4.12,0.86,29.0,6.6,True
Lecture Hall 205,1.0,14.0,7.6,6.08,1.0,7.67,2.4,True
Lecture Hall 205,4.0,14.0,7.6,3.16,0.86,17.33,8.6,True
Lecture Hall 205,7.0,14.0,7.6,1.0,1.0,16.31,6.4,True
Lecture Hall 205,1.0,13.0,7.6,6.0,0.86,11.14,0.6,True
Lecture Hall 205,7.0,13.0,7.6,0.0,1.0,14.35,0.4,True
Lab 106,4.0,10.0,4.4,2.24,1.0,6.86,1.67,True
Lab 106,2.0,13.0,4.4,2.0,1.0,8.68,0.33,True
Lab 106,2.0,10.0,4.4,1.0,0.9,8.31,0.33,True
Lab 106,1.0,10.0,4.4,1.41,1.0,17.34,9.33,True
Lab 106,2.0,12.0,4.4,1.0,0.9,10.41,0.33,True
Lab 106,5.0,11.0,4.4,3.0,1.0,7.76,0.33,True
Lab 106,6.0,12.0,4.4,4.12,1.0,15.81,6.67,True
Lab 106,3.0,10.0,4.4,1.41,0.9,11.42,1.33,True
Lab 106,5.0,10.0,4.4,3.16,1.0,10.49,3.67,True
Lab 106,4.0,12.0,4.4,2.24,0.9,10.51,0.33,True
Lab 106,3.0,11.0,4.4,1.0,1.0,8.99,2.67,True
Lab 106,1.0,12.0,4.4,1.41,1.0,10.69,5.33,True
Lab 106,6.0,10.0,4.4,4.12,1.0,25.7,14.67,True
Lab 106,3.0,12.0,4.4,1.41,1.0,7.14,0.67,True
Lab 106,6.0,13.0,4.4,4.47,1.0,5.33,0.67,True
Lab 106,4.0,11.0,4.4,2.0,1.0,6.13,1.33,True
Lab 106,1.0,11.0,4.4,1.0,0.9,8.82,1.33,True
Lab 106,3.0,13.0,4.4,2.24,1.0,13.12,6.33,True
Lab 106,6.0,11.0,4.4,4.0,1.0,18.27,10.67,True
Lecture Hall 205,7.0,11.0,7.6,2.0,0.86,23.23,13.6,True
Lab 106,1.0,13.0,4.4,2.24,1.0,12.34,2.33,True
Lab 106,5.0,12.0,4.4,3.16,1.0,9.01,0.67,True
Lab 106,5.0,13.0,4.4,3.61,0.9,13.8,7.33,True
Lab 102,27.0,23.0,4.4,4.12,1.0,9.83,1.42,True
Lab 106,2.0,11.0,4.4,0.0,1.0,11.21,3.33,True
Lab 102,28.0,23.0,4.4,4.0,1.0,11.06,6.58,True
Lab 102,27.0,28.0,4.4,1.41,1.0,9.41,1.42,True
Lab 102,26.0,26.0,4.4,2.24,1.0,10.96,0.42,True
Lab 102,26.0,22.0,4.4,5.39,1.0,5.18,1.58,True
Lab 102,25.0,26.0,4.4,3.16,1.0,13.77,2.42,True
Lab 102,25.0,22.0,4.4,5.83,0.86,24.23,19.42,True
Lab 102,25.0,27.0,4.4,3.0,1.0,12.92,4.42,True
Lab 102,25.0,25.0,4.4,3.61,1.0,12.73,5.42,True
Lab 102,26.0,28.0,4.4,2.24,1.0,8.04,3.58,True
Lab 102,27.0,22.0,4.4,5.1,1.0,6.07,0.42,True
Lab 102,26.0,23.0,4.4,4.47,1.0,16.53,8.58,True
Lab 102,26.0,27.0,4.4,2.0,1.0,4.82,3.42,True
Lab 102,25.0,28.0,4.4,3.16,1.0,16.33,9.42,True
Lab 102,28.0,24.0,4.4,3.0,1.0,12.35,1.42,True
Lab 102,26.0,24.0,4.4,3.61,1.0,10.61,3.58,True
Lab 102,27.0,27.0,4.4,1.0,1.0,14.1,8.58,True
Lab 102,27.0,24.0,4.4,3.16,1.0,16.47,1.42,True
Lab 102,28.0,25.0,4.4,2.0,0.86,22.82,19.42,True
Lab 102,27.0,25.0,4.4,2.24,1.0,20.85,3.42,True
Lab 102,28.0,22.0,4.4,5.0,1.0,15.09,1.42,True
Lab 102,25.0,23.0,4.4,5.0,1.0,7.83,1.58,True
Lab 102,26.0,25.0,4.4,2.83,1.0,18.19,6.58,True
Lab 102,28.0,28.0,4.4,1.0,1.0,13.89,1.42,True
Lab 102,27.0,26.0,4.4,1.41,1.0,13.52,1.58,True
Lab 102,28.0,26.0,4.4,1.0,1.0,13.19,3.58,True
Lab 102,25.0,24.0,4.4,4.24,1.0,14.73,9.42,True
Lecture Hall 205,7.0,12.0,7.6,1.0,1.0,14.03,5.6,True
Lab 102,28.0,27.0,4.4,0.0,1.0,6.97,1.58,True
Lab 103,24.0,26.0,4.4,5.1,1.0,21.47,12.39,True
Lab 106,4.0,13.0,4.4,2.83,1.0,12.85,2.33,True
Lab 103,16.0,25.0,4.4,3.61,1.0,11.14,5.61,True
Lab 103,21.0,26.0,4.4,2.24,1.0,11.72,5.39,True
Lab 103,14.0,26.0,4.4,5.1,0.57,21.18,7.61,True
Lab 103,18.0,23.0,4.4,4.12,1.0,9.87,4.39,True
Lab 103,17.0,25.0,4.4,2.83,1.0,6.77,0.39,True
Lab 103,15.0,24.0,4.4,5.0,1.0,13.35,8.61,True
Lab 103,24.0,25.0,4.4,5.39,1.0,12.76,4.39,True
Lab 103,24.0,28.0,4.4,5.1,1.0,15.78,1.39,True
Lab 103,13.0,28.0,4.4,6.08,0.86,15.87,7.61,True
Lab 103,18.0,27.0,4.4,1.0,1.0,16.06,8.39,True
Lab 103,24.0,22.0,4.4,7.07,0.86,16.69,5.39,True
Lab 103,14.0,28.0,4.4,5.1,1.0,9.8,2.61,True
Lab 103,20.0,24.0,4.4,3.16,1.0,11.81,2.61,True
Lab 103,17.0,27.0,4.4,2.0,1.0,7.49,4.61,True
Lab 103,11.0,26.0,4.4,8.06,0.71,19.84,5.61,True
Lab 103,11.0,23.0,4.4,8.94,0.86,17.68,5.61,True
Lab 103,20.0,25.0,4.4,2.24,1.0,15.39,4.61,True
Lab 103,22.0,26.0,4.4,3.16,1.0,18.9,7.39,True
Lab 103,17.0,24.0,4.4,3.61,1.0,6.85,2.61,True
Lab 103,14.0,25.0,4.4,5.39,0.71,19.1,6.61,True
Lab 103,19.0,23.0,4.4,4.0,1.0,13.69,0.61,True
Lab 103,21.0,28.0,4.4,2.24,1.0,11.98,4.39,True
Lab 103,23.0,22.0,4.4,6.4,1.0,22.57,11.39,True
Lab 103,22.0,25.0,4.4,3.61,1.0,19.61,9.39,True
Lab 103,23.0,21.0,4.4,7.21,1.0,11.78,5.39,True
Lab 103,21.0,23.0,4.4,4.47,1.0,13.96,7.39,True
Lab 103,16.0,23.0,4.4,5.0,1.0,6.16,1.61,True
Lab 103,13.0,23.0,4.4,7.21,0.86,15.1,2.39,True
Lab 101,30.0,23.0,4.4,7.28,1.0,14.93,8.36,True
Lab 104,2.0,23.0,4.4,5.83,1.0,2.29,0.86,True
Lab 103,10.0,26.0,4.4,9.06,0.57,17.44,0.61,True
Lab 103,18.0,28.0,4.4,1.41,1.0,6.76,3.39,True
Lab 103,22.0,27.0,4.4,3.0,1.0,16.8,1.39,True
Lab 103,20.0,26.0,4.4,1.41,1.0,6.27,1.39,True
Lab 103,24.0,27.0,4.4,5.0,1.0,18.85,8.39,True
Lab 103,16.0,28.0,4.4,3.16,1.0,9.0,5.39,True
Lab 103,19.0,25.0,4.4,2.0,1.0,13.26,2.39,True
Lab 103,15.0,26.0,4.4,4.12,1.0,11.32,3.61,True
Lab 103,12.0,28.0,4.4,7.07,0.71,18.34,4.39,True
Lab 103,10.0,23.0,4.4,9.85,0.86,19.23,10.61,True
Lab 103,12.0,24.0,4.4,7.62,1.0,27.89,15.61,True
Lab 103,24.0,23.0,4.4,6.4,1.0,18.2,6.39,True
Lab 103,16.0,26.0,4.4,3.16,0.86,11.71,2.61,True
Lab 103,17.0,22.0,4.4,5.39,1.0,6.26,1.39,True
Lab 103,18.0,22.0,4.4,5.1,1.0,4.8,1.61,True
Lab 103,14.0,27.0,4.4,5.0,0.86,19.95,4.61,True
Lab 103,12.0,26.0,4.4,7.07,1.0,16.98,4.61,True
Lab 103,14.0,23.0,4.4,6.4,1.0,26.09,15.61,True
Lab 103,12.0,25.0,4.4,7.28,1.0,16.76,7.61,True
Lab 103,20.0,23.0,4.4,4.12,0.86,16.83,7.39,True
Lab 103,11.0,27.0,4.4,8.0,0.86,12.07,3.39,True
Lab 103,13.0,24.0,4.4,6.71,0.71,15.07,1.61,True
Lab 103,15.0,22.0,4.4,6.4,1.0,10.22,4.61,True
Lab 103,21.0,27.0,4.4,2.0,1.0,14.62,7.39,True
Lab 103,21.0,25.0,4.4,2.83,0.86,15.74,6.39,True
Lab 103,23.0,28.0,4.4,4.12,1.0,9.13,0.61,True
Lab 103,15.0,27.0,4.4,4.0,1.0,4.93,1.61,True
Lab 103,19.0,26.0,4.4,1.0,1.0,5.28,0.39,True
Lab 103,21.0,24.0,4.4,3.61,1.0,10.96,3.39,True
Lab 103,12.0,27.0,4.4,7.0,1.0,22.76,13.61,True
Lab 103,18.0,26.0,4.4,1.41,1.0,7.47,3.39,True
Lab 103,20.0,27.0,4.4,1.0,1.0,8.04,4.39,True
Lab 103,10.0,22.0,4.4,10.3,0.86,25.7,10.61,True
Lab 103,23.0,26.0,4.4,4.12,0.86,29.0,14.39,True
Lab 103,11.0,22.0,4.4,9.43,1.0,26.05,14.61,True
Lab 103,20.0,22.0,4.4,5.1,1.0,14.41,5.39,True
Lab 103,22.0,28.0,4.4,3.16,1.0,11.1,2.39,True
Lab 103,24.0,21.0,4.4,7.81,1.0,11.51,2.39,True
Lab 103,13.0,26.0,4.4,6.08,1.0,16.64,8.61,True
Lab 103,15.0,23.0,4.4,5.66,1.0,16.81,9.61,True
Lab 103,12.0,22.0,4.4,8.6,1.0,12.39,4.61,True
Lab 103,13.0,22.0,4.4,7.81,0.86,16.8,6.61,True
Lab 103,11.0,24.0,4.4,8.54,1.0,23.37,13.61,True
Lab 103,16.0,22.0,4.4,5.83,1.0,10.24,0.61,True
Lab 103,10.0,24.0,4.4,9.49,1.0,13.48,4.39,True
Lab 103,23.0,24.0,4.4,5.0,0.86,21.13,12.39,True
Lab 103,13.0,27.0,4.4,6.0,0.86,21.59,9.61,True
Lab 103,24.0,24.0,4.4,5.83,1.0,16.68,1.61,True
Lab 103,23.0,25.0,4.4,4.47,1.0,16.61,10.39,True
Lab 103,22.0,23.0,4.4,5.0,1.0,17.32,10.39,True
Lab 103,14.0,22.0,4.4,7.07,1.0,17.54,8.61,True
Lab 103,16.0,27.0,4.4,3.0,1.0,4.63,0.39,True
Lab 103,16.0,24.0,4.4,4.24,1.0,13.77,4.61,True
Lab 103,18.0,24.0,4.4,3.16,1.0,12.28,7.39,True
Lab 103,15.0,25.0,4.4,4.47,1.0,11.36,4.61,True
Lab 103,13.0,25.0,4.4,6.32,0.71,15.07,3.39,True
Lab 103,22.0,22.0,4.4,5.83,1.0,19.43,6.39,True
Lab 101,36.0,23.0,4.4,2.24,1.0,13.41,6.36,True
Lab 103,10.0,28.0,4.4,9.06,0.43,18.98,1.39,True
Lab 101,34.0,28.0,4.4,4.24,0.75,14.92,1.36,True
Lab 101,30.0,28.0,4.4,7.62,1.0,9.75,4.36,True
Lab 103,22.0,24.0,4.4,4.24,0.86,20.37,9.39,True
Lab 103,11.0,25.0,4.4,8.25,0.86,20.65,12.61,True
Lab 103,18.0,25.0,4.4,2.24,1.0,9.89,5.39,True
Lab 103,17.0,23.0,4.4,4.47,1.0,8.7,1.39,True
Lab 103,23.0,23.0,4.4,5.66,1.0,17.05,8.39,True
Lab 103,15.0,28.0,4.4,4.12,0.86,11.88,3.61,True
Lab 103,19.0,24.0,4.4,3.0,1.0,11.83,1.39,True
Lab 103,21.0,22.0,4.4,5.39,1.0,11.02,5.39,True
Lab 103,12.0,23.0,4.4,8.06,1.0,27.6,16.61,True
Lab 103,10.0,27.0,4.4,9.0,0.86,17.33,0.61,True
Lab 103,19.0,22.0,4.4,5.0,1.0,4.35,0.61,True
Lab 101,37.0,26.0,4.4,1.0,1.0,14.81,7.64,True
Lab 103,19.0,27.0,4.4,0.0,1.0,7.7,2.61,True
Lab 101,32.0,27.0,4.4,5.39,1.0,8.08,3.64,True
Lab 101,37.0,28.0,4.4,3.0,0.88,13.23,2.64,True
Lab 101,32.0,28.0,4.4,5.83,1.0,15.92,10.64,True
Lab 101,33.0,23.0,4.4,4.47,1.0,19.69,11.36,True
Lab 101,30.0,22.0,4.4,7.62,0.88,16.87,9.36,True
Lab 101,31.0,27.0,4.4,6.32,1.0,10.1,1.64,True
Lab 101,33.0,26.0,4.4,4.12,1.0,12.11,0.36,True
Lab 101,31.0,26.0,4.4,6.08,1.0,5.25,0.36,True
Lab 101,32.0,22.0,4.4,5.83,1.0,20.6,12.36,True
Lab 101,34.0,24.0,4.4,3.16,1.0,18.04,6.64,True
Lab 101,29.0,23.0,4.4,8.25,1.0,20.66,11.36,True
Lecture Hall XXVI,47.0,26.0,4.4,2.24,0.6,16.21,2.97,True
Lab 104,7.0,26.0,4.4,0.0,1.0,5.84,4.14,True
Lecture Hall 205,4.0,16.0,7.6,4.24,1.0,12.62,2.6,True
Lab 103,22.0,21.0,4.4,6.71,1.0,13.8,8.39,True
Lab 103,19.0,28.0,4.4,1.0,1.0,3.86,0.39,True
Lab 103,17.0,28.0,4.4,2.24,0.86,10.77,2.39,True
Lab 101,35.0,26.0,4.4,2.24,0.75,15.73,7.36,True
Lab 101,29.0,25.0,4.4,8.0,1.0,8.47,2.36,True
Lab 101,32.0,23.0,4.4,5.39,1.0,15.88,7.36,True
Lab 101,36.0,24.0,4.4,1.41,1.0,10.77,2.64,True
Lab 101,30.0,25.0,4.4,7.0,1.0,12.71,5.36,True
Lab 101,36.0,22.0,4.4,3.16,0.88,19.6,10.64,True
Lab 101,36.0,26.0,4.4,1.41,1.0,13.1,8.36,True
Lab 101,29.0,24.0,4.4,8.06,1.0,7.24,4.36,True
Lab 101,33.0,27.0,4.4,4.47,1.0,15.24,2.64,True
Lab 101,31.0,24.0,4.4,6.08,1.0,4.14,2.36,True
Lab 101,34.0,22.0,4.4,4.24,1.0,12.21,5.36,True
Lab 101,29.0,22.0,4.4,8.54,0.88,17.91,2.36,True
Lab 101,36.0,28.0,4.4,3.16,1.0,7.82,0.64,True
Lab 101,38.0,23.0,4.4,2.24,1.0,32.29,20.64,True
Lab 101,36.0,27.0,4.4,2.24,0.88,9.5,2.36,True
Lab 101,33.0,28.0,4.4,5.0,1.0,11.57,5.36,True
Lab 101,35.0,23.0,4.4,2.83,0.88,12.24,3.64,True
Lab 101,30.0,24.0,4.4,7.07,1.0,14.09,9.36,True
Lab 101,34.0,25.0,4.4,3.0,0.88,17.13,7.64,True
Lab 101,35.0,28.0,4.4,3.61,0.62,19.24,8.36,True
Lab 101,35.0,25.0,4.4,2.0,0.88,15.51,2.64,True
Lab 101,37.0,24.0,4.4,1.0,1.0,23.96,15.64,True
Lab 101,29.0,27.0,4.4,8.25,1.0,7.33,0.36,True
Lab 101,37.0,27.0,4.4,2.0,0.88,13.77,1.64,True
Lab 101,38.0,22.0,4.4,3.16,1.0,27.07,10.64,True
Lab 101,29.0,28.0,4.4,8.54,1.0,7.7,1.36,True
Lab 101,30.0,26.0,4.4,7.07,1.0,19.71,8.36,True
Lab 101,38.0,26.0,4.4,1.41,0.88,15.75,7.36,True
Lab 103,23.0,27.0,4.4,4.0,1.0,14.64,7.39,True
Lab 103,20.0,28.0,4.4,1.41,1.0,13.04,8.39,True
Lab 103,10.0,25.0,4.4,9.22,0.71,18.81,0.39,True
Lab 103,14.0,24.0,4.4,5.83,0.71,19.03,12.61,True
Lab 101,34.0,23.0,4.4,3.61,1.0,4.15,1.36,True
Lab 101,33.0,22.0,4.4,5.0,1.0,19.73,11.36,True
Lab 101,34.0,26.0,4.4,3.16,1.0,18.77,3.64,True
Lab 101,35.0,22.0,4.4,3.61,0.88,10.49,3.36,True
Lab 101,31.0,28.0,4.4,6.71,1.0,9.3,2.64,True
Lab 101,32.0,24.0,4.4,5.1,1.0,12.15,8.36,True
Lab 101,29.0,26.0,4.4,8.06,1.0,9.77,0.36,True
Lab 101,38.0,28.0,4.4,3.16,0.75,11.83,0.36,True
Lab 101,35.0,24.0,4.4,2.24,0.88,12.25,3.36,True
Lab 101,38.0,25.0,4.4,1.0,0.88,31.79,19.64,True
Lab 101,30.0,27.0,4.4,7.28,0.88,10.15,0.64,True
Lab 101,32.0,25.0,4.4,5.0,1.0,10.93,1.64,True
Lab 101,32.0,26.0,4.4,5.1,1.0,8.57,3.36,True
Lab 101,34.0,27.0,4.4,3.61,1.0,15.03,0.36,True
Lab 101,36.0,25.0,4.4,1.0,1.0,9.86,3.64,True
Lab 101,37.0,23.0,4.4,2.0,1.0,22.68,13.64,True
Lab 101,37.0,22.0,4.4,3.0,1.0,27.07,16.64,True
Lab 101,38.0,27.0,4.4,2.24,0.62,21.0,12.64,True
Lab 101,31.0,22.0,4.4,6.71,1.0,7.05,2.36,True
Lab 101,31.0,23.0,4.4,6.32,1.0,5.41,1.36,True
Lab 101,31.0,25.0,4.4,6.0,1.0,7.92,2.64,True
Lab 101,33.0,24.0,4.4,4.12,1.0,9.3,2.64,True
Lab 101,33.0,25.0,4.4,4.0,1.0,7.06,2.36,True
Lab 101,37.0,25.0,4.4,0.0,1.0,10.41,5.64,True
Lab 115,22.0,18.0,4.4,6.32,0.78,21.21,11.66,True
Lab 115,24.0,15.0,4.4,4.12,1.0,10.47,6.34,True
Lab 115,25.0,16.0,4.4,3.0,1.0,25.29,8.66,True
Lab 115,28.0,15.0,4.4,1.0,0.78,20.78,12.34,True
Lab 115,23.0,15.0,4.4,5.1,1.0,11.81,2.34,True
Lab 115,27.0,18.0,4.4,2.24,1.0,12.76,6.34,True
Lab 115,23.0,18.0,4.4,5.39,1.0,12.9,8.66,True
Lab 115,21.0,15.0,4.4,7.07,1.0,15.3,5.34,True
Lab 115,21.0,18.0,4.4,7.28,1.0,14.29,4.66,True
Lab 115,22.0,16.0,4.4,6.0,1.0,4.88,0.34,True
Lab 115,22.0,17.0,4.4,6.08,1.0,13.01,2.34,True
Lab 115,23.0,17.0,4.4,5.1,0.78,19.51,8.66,True
Lab 115,22.0,15.0,4.4,6.08,0.89,15.32,7.34,True
Lab 115,21.0,16.0,4.4,7.0,0.56,27.53,13.66,True
Lab 115,27.0,16.0,4.4,1.0,1.0,11.84,5.34,True
Lab 115,27.0,15.0,4.4,1.41,1.0,18.26,11.34,True
Lab 115,24.0,18.0,4.4,4.47,1.0,15.11,6.66,True
Lab 115,25.0,15.0,4.4,3.16,1.0,13.76,6.34,True
Lab 115,28.0,18.0,4.4,2.0,1.0,15.4,1.34,True
Lab 115,26.0,16.0,4.4,2.0,0.89,11.0,2.34,True
Lab 115,24.0,16.0,4.4,4.0,1.0,8.44,4.34,True
Lab 115,26.0,18.0,4.4,2.83,0.78,9.93,2.66,True
Lab 115,26.0,15.0,4.4,2.24,0.78,19.11,10.34,True
Lab 115,27.0,17.0,4.4,1.41,0.78,13.23,0.66,True
Lab 115,24.0,17.0,4.4,4.12,0.78,14.44,1.66,True
Lab 115,25.0,18.0,4.4,3.61,1.0,8.33,0.34,True
Lab 115,26.0,17.0,4.4,2.24,0.89,13.82,4.66,True
Lab 115,25.0,17.0,4.4,3.16,0.89,19.56,11.66,True
Lab 115,28.0,17.0,4.4,1.0,0.89,13.77,6.66,True
Lab 115,23.0,16.0,4.4,5.0,0.89,12.94,3.34,True
Lab 115,21.0,17.0,4.4,7.07,1.0,16.01,8.66,True
Lab 115,28.0,16.0,4.4,0.0,1.0,22.68,11.34,True
Lab 104,2.0,28.0,4.4,5.39,1.0,3.64,1.86,True
Lab 104,3.0,26.0,4.4,4.0,1.0,9.97,6.14,True
Lab 104,2.0,26.0,4.4,5.0,0.67,12.83,7.14,True
Lab 101,35.0,27.0,4.4,2.83,0.62,19.19,8.36,True
Lab 104,3.0,22.0,4.4,5.66,1.0,7.66,4.14,True
Lab 104,5.0,26.0,4.4,2.0,1.0,4.01,1.86,True
Lab 104,8.0,27.0,4.4,1.41,1.0,5.26,4.14,True
Lab 104,2.0,22.0,4.4,6.4,1.0,11.98,6.14,True
Lab 104,2.0,24.0,4.4,5.39,1.0,8.22,5.14,True
Lab 104,7.0,27.0,4.4,1.0,1.0,4.41,1.86,True
Lab 104,4.0,24.0,4.4,3.61,1.0,4.88,3.14,True
Lab 104,4.0,27.0,4.4,3.16,1.0,1.85,1.14,True
Lab 104,8.0,28.0,4.4,2.24,1.0,4.83,3.14,True
Lab 104,6.0,24.0,4.4,2.24,1.0,9.94,6.86,True
Lab 104,3.0,25.0,4.4,4.12,0.67,15.15,9.14,True
Lab 104,7.0,23.0,4.4,3.0,1.0,15.04,9.86,True
Lab 104,7.0,28.0,4.4,2.0,1.0,1.55,0.14,True
Lab 104,4.0,26.0,4.4,3.0,0.67,12.83,7.14,True
Lab 104,1.0,28.0,4.4,6.32,1.0,1.92,1.14,True
Lab 104,1.0,25.0,4.4,6.08,1.0,5.45,2.14,True
Lab 104,6.0,27.0,4.4,1.41,1.0,2.83,0.86,True
Lab 104,5.0,24.0,4.4,2.83,1.0,8.23,4.86,True
Lab 104,1.0,26.0,4.4,6.0,1.0,4.52,3.14,True
Lab 104,9.0,26.0,4.4,2.0,1.0,0.87,0.86,True
Lab 104,7.0,22.0,4.4,4.0,1.0,23.53,15.86,True
Lab 104,9.0,24.0,4.4,2.83,1.0,4.85,3.86,True
Lab 104,1.0,27.0,4.4,6.08,1.0,4.31,3.14,True
Lab 104,2.0,25.0,4.4,5.1,1.0,6.62,3.14,True
Lab 104,6.0,22.0,4.4,4.12,1.0,13.53,8.86,True
Lab 104,8.0,22.0,4.4,4.12,1.0,8.67,5.86,True
Lab 104,1.0,23.0,4.4,6.71,1.0,2.81,1.86,True
Lab 101,38.0,24.0,4.4,1.41,0.88,11.22,2.64,True
Lab 104,8.0,24.0,4.4,2.24,1.0,5.48,1.14,True
Lab 103,11.0,28.0,4.4,8.06,0.71,19.49,4.39,True
Lab 104,6.0,25.0,4.4,1.41,1.0,11.46,6.86,True
Lab 104,8.0,23.0,4.4,3.16,1.0,7.91,4.86,True
Lab 104,8.0,26.0,4.4,1.0,1.0,1.55,0.86,True
Lab 104,9.0,22.0,4.4,4.47,1.0,15.22,9.86,True
Lab 104,5.0,27.0,4.4,2.24,0.67,7.93,0.14,True
Lab 104,5.0,28.0,4.4,2.83,1.0,4.83,3.14,True
Lab 104,2.0,27.0,4.4,5.1,1.0,3.79,1.14,True
Lab 104,3.0,24.0,4.4,4.47,1.0,15.55,10.14,True
Lab 104,6.0,23.0,4.4,3.16,1.0,5.07,0.14,True
Lab 104,9.0,27.0,4.4,2.24,1.0,1.48,1.14,True
Lab 104,4.0,25.0,4.4,3.16,1.0,4.83,2.86,True
Lab 104,4.0,22.0,4.4,5.0,1.0,6.14,1.14,True
Lab 104,6.0,26.0,4.4,1.0,1.0,5.25,2.86,True
Lab 104,4.0,28.0,4.4,3.61,1.0,1.63,0.86,True
Lab 104,1.0,22.0,4.4,7.21,1.0,12.22,8.14,True
Lab 104,7.0,24.0,4.4,2.0,1.0,7.82,5.14,True
Lab 104,7.0,25.0,4.4,1.0,1.0,5.66,2.86,True
Lab 104,8.0,25.0,4.4,1.41,1.0,2.27,0.86,True
Lab 104,5.0,25.0,4.4,2.24,1.0,2.33,0.86,True
Lab 104,6.0,28.0,4.4,2.24,1.0,7.87,5.86,True
Lab 104,9.0,25.0,4.4,2.24,1.0,1.55,0.86,True
Lab 104,5.0,23.0,4.4,3.61,1.0,12.3,5.86,True
Lab 104,3.0,28.0,4.4,4.47,1.0,6.12,1.86,True
Lab 104,9.0,23.0,4.4,3.61,1.0,12.54,8.86,True
Lab 104,5.0,22.0,4.4,4.47,1.0,5.58,3.86,True
Lab 104,1.0,24.0,4.4,6.32,1.0,5.49,2.14,True
Lab 104,3.0,27.0,4.4,4.12,0.67,19.55,13.14,True
Lab 104,4.0,23.0,4.4,4.24,1.0,2.86,1.86,True
Lab 104,3.0,23.0,4.4,5.0,1.0,6.5,4.14,True
Lab 104,9.0,28.0,4.4,2.83,1.0,6.58,4.14,True
Lecture Hall XXVI,46.0,26.0,4.4,2.0,1.0,12.03,4.03,True
